{
    "files": [],
    "folders": [
        {
            "title": "Intro",
            "content": {
                "files": [
                    {
                        "title": "Intro-UCE",
                        "type": "pptx"
                    }
                ],
                "folders": []
            }
        },
        {
            "title": "ModelEvaluation",
            "content": {
                "files": [
                    {
                        "title": "Aval-UCE",
                        "type": "pptx"
                    },
                    {
                        "title": "testesHipo",
                        "type": "pptx"
                    }
                ],
                "folders": []
            }
        },
        {
            "title": "MP",
            "content": {
                "files": [
                    {
                        "title": "MPs-UCE-I",
                        "type": "pptx"
                    },
                    {
                        "title": "MPs-UCE-II",
                        "type": "pptx"
                    }
                ],
                "folders": []
            }
        }
        
    ]
}
