{
    "files": [
        {
            "title": "Exercises_OMP",
            "type": "pdf"
        }
    ],
    "folders": [
        {
            "title": "01_hello",
            "content": {
                "files": [
                    {
                        "title": "hello",
                        "type": "c"
                    },
                    {
                        "title": "Makefile",
                        "type": "txt"
                    }
                ],
                "folders": [
                    {
                        "title": "solution",
                        "content": {
                            "files": [
                                {
                                    "title": "hello",
                                    "type": "c"
                                },
                                {
                                    "title": "Makefile",
                                    "type": "txt"
                                }
                            ],
                        "folders": []
                        }
                    }
                ]
            }
        },
        {
            "title": "02_pi",
            "content": {
                "files": [
                    {
                        "title": "pi",
                        "type": "c"
                    },
                    {
                        "title": "Makefile",
                        "type": "txt"
                    }
                ],
                "folders": [
                    {
                        "title": "solution",
                        "content": {
                            "files": [
                                {
                                    "title": "pi",
                                    "type": "c"
                                },
                                {
                                    "title": "Makefile",
                                    "type": "txt"
                                }
                            ],
                        "folders": []
                        }
                    }
                ]
            }
        },
        {
            "title": "03_jacobi",
            "content": {
                "files": [
                    {
                        "title": "input",
                        "type": "txt"
                    },
                    {
                        "title": "jacobi",
                        "type": "c"
                    },
                    {
                        "title": "Makefile",
                        "type": "txt"
                    }
                ],
                "folders": [
                    {
                        "title": "solution",
                        "content": {
                            "files": [
                                {
                                    "title": "input",
                                    "type": "txt"
                                },
                                {
                                    "title": "jacobi",
                                    "type": "c"
                                },
                                {
                                    "title": "Makefile",
                                    "type": "txt"
                                }
                            ],
                        "folders": []
                        }
                    }
                ]
            }
        }
    ]
}
