{
    "files": [],
    "folders": [
        {
            "title": "Final",
            "content": {
                "files": [],
                "folders": [
                    {
                        "title": "V1",
                        "content": {
                            "files": [
                                {
                                    "title": "Pauta_CC-2020_v1",
                                    "type": "pdf"
                                }
                            ],
                            "folders": []
                        }
                    },
                    {
                        "title": "V2",
                        "content": {
                            "files": [
                                {
                                    "title": "Pauta_CC-2020_v2",
                                    "type": "pdf"
                                }
                            ],
                            "folders": []
                        }
                    },
                    {
                        "title": "V3",
                        "content": {
                            "files": [
                                {
                                    "title": "Pauta_CC-2020_v3",
                                    "type": "pdf"
                                }
                            ],
                            "folders": []
                        }
                    }
                ]
            }
        },
        {
            "title": "Test",
            "content": {
                "files": [
                    {
                        "title": "TesteCC_22jun2020",
                        "type": "pdf"
                    }
                ],
                "folders": []
            }
        }
    ]
}
