{
    "files": [],
    "folders": [
        {
            "title": "part1",
            "content": {
                "files": [
                    {
                        "title": "report_pt1",
                        "type": "pdf"
                    }
                ],
                "folders": []
            }
        },
        {
            "title": "part2",
            "content": {
                "files": [
                    {
                        "title": "report_pt2",
                        "type": "pdf"
                    }
                ],
                "folders": []
            }
        },
        {
            "title": "part3",
            "content": {
                "files": [
                    {
                        "title": "report_pt3",
                        "type": "pdf"
                    }
                ],
                "folders": []
            }
        }
    ]
}
