{
    "files": [
        {
            "title": "app",
            "type": "js"
        },
        {
            "title": "package",
            "type": "json"
        },
        {
            "title": "package-lock",
            "type": "json"
        }
    ],
    "folders": [
        {
            "title": "bin",
            "content": {
                "files": [
                    {
                        "title": "www",
                        "type": "txt"
                    }
                ],
                "folders": []
            }
        },
        {
            "title": "public",
            "content": {
                "files": [],
                "folders": [
                	{
            			"title": "images",
            			"content": {
                			"files": [],
                			"folders": []
            			}
        			},
        			{
            			"title": "javascripts",
            			"content": {
                			"files": [
                    			{
                        			"title": "example",
                        			"type": "js"
                    			}
                			],
                			"folders": []
            			}
        			},
        			{
            			"title": "stylesheets",
            			"content": {
                			"files": [
                    			{
                        			"title": "style",
                        			"type": "css"
                    			}
                			],
                			"folders": []
            			}
        			}
                ]
            }
        }
    ]
}
